cpg_site,category,r_own,r_other,r_cross,own_layer,gene,dist_to_gene,pos,chr,dist_to_tss,dist_to_tss_signed,feature,in_TE,TE_class,TE_family,cluster_id
chr1_2774018,top1pcMesoOnly,0.718233806757715,0.0900292309478549,0.302449080882961,Meso,LOC105378598,0,2774018,chr1,5926,5927,exon,FALSE,,,1
chr1_4495235,top1pcMesoOnly,0.653012249871,0.054789801735806,0.155361378683578,Meso,LOC124904578,56499,4495235,chr1,56909,56910,intergenic,FALSE,,,2
chr1_5481799,top1pcMesoOnly,0.541403579922362,0.100521005754271,0.153559883070423,Meso,LOC105376686,0,5481799,chr1,11257,11258,intron,TRUE,LTR,ERVL-MaLR,3
chr1_9502388,top1pcMesoOnly,0.707961410855814,0.0246264556689115,0.171889418641471,Meso,SLC25A33,37076,9502388,chr1,37076,-37077,intron,FALSE,,,4
chr1_14183808,top1pcMesoOnly,0.625093823004038,0.179048722387891,0.141626056131612,Meso,KAZN,0,14183808,chr1,236164,236165,intron,FALSE,,,5
chr1_17369891,top1pcMesoOnly,0.954761624362404,0.126282286142624,0.382066794236918,Meso,LOC124903862,70241,17369891,chr1,71682,71683,intergenic,FALSE,,,6
chr1_18291332,top1pcMesoOnly,0.61722284416705,0.0894829614591875,0.32478064544486,Meso,IGSF21,0,18291332,chr1,94496,-94497,intron,FALSE,,,7
chr1_29685004,top1pcMesoOnly,0.786110031934815,0.213014207032582,0.164181978589263,Meso,LOC107984934,0,29685004,chr1,242070,242071,intron,TRUE,LTR,ERVL,8
chr1_30883602,top1pcMesoOnly,0.901404352657551,0.176440550762346,0.108803034197139,Meso,SDC3,0,30883602,chr1,25155,25156,intron,FALSE,,,9
chr1_31062709,top1pcMesoOnly,0.907919453897766,0.117716560907352,0.264824070155081,Meso,PUM1,0,31062709,chr1,3281,3282,promoter,FALSE,,,10
chr1_34245458,top1pcMesoOnly,0.803753531169816,0.160751288775001,0.00376445329454867,Meso,LOC105378639,21106,34245458,chr1,21106,-21107,intergenic,TRUE,LTR,ERV1,11
chr1_34687519,top1pcMesoOnly,0.567652563594777,0.12134715475845,0.444474741308213,Meso,LOC105378641,1786,34687519,chr1,1786,-1787,promoter,TRUE,LINE,L1,12
chr1_53792143,top1pcMesoOnly,0.98295374878313,0.150449697814442,0.125247895276454,Meso,NDC1,0,53792143,chr1,20989,-20990,intron,TRUE,SINE,Alu,13
chr1_54124666,top1pcMesoOnly,0.682032637110176,0.153236752852611,0.252139281396866,Meso,CDCP2,8019,54124666,chr1,59374,-59375,intron,FALSE,,,14
chr1_61606847,top1pcMesoOnly,0.801112926880989,0.0518884140097547,0.4197161012051,Meso,MGC34796,47346,61606847,chr1,47346,-47347,intron,FALSE,,,15
chr1_68980600,top1pcMesoOnly,0.639202042841761,0.119166104984506,0.422568507569613,Meso,LOC105378787,75237,68980600,chr1,75237,-75238,intron,TRUE,LTR,ERVL,16
chr1_90492036,top1pcMesoOnly,0.835990379609642,0.106165117379241,0.0563813726126654,Meso,LOC105378851,0,90492036,chr1,71888,-71889,intron,TRUE,LINE,L1,17
chr1_99836625,top1pcMesoOnly,0.934027785479962,0.108992713617619,0.25789959834142,Meso,AGL,13735,99836625,chr1,13735,-13736,intergenic,TRUE,LTR,ERVK,18
chr1_109935704,top1pcMesoOnly,0.872136003335524,0.03755257889447,0.411078635897962,Meso,CSF1,4711,109935704,chr1,25461,25462,intergenic,FALSE,,,19
chr1_116713456,top1pcMesoOnly,0.606607145307588,0.0258458522828876,0.076725275056512,Meso,LINC02868,6852,116713456,chr1,19343,19344,intergenic,TRUE,LTR,ERVL-MaLR,20
chr1_147139590,top1pcMesoOnly,0.876266749476234,0.157795424702303,0.374718370432827,Meso,NBPF13P,15304,147139590,chr1,15304,-15305,intergenic,TRUE,LINE,L1,21
chr1_154799732,top1pcMesoOnly,0.967380344819841,0.0620429888942987,0.260513339571656,Meso,KCNN3,0,154799732,chr1,70548,70549,intron,FALSE,,,22
chr1_154801445,top1pcMesoOnly,0.938094236915676,0.0682385390053768,0.46559394805399,Meso,KCNN3,0,154801445,chr1,68835,68836,intron,FALSE,,,23
chr1_177444557,top1pcMesoOnly,0.75618235577107,0.0809752515103476,0.160618101755818,Meso,LINC01645,0,177444557,chr1,93507,93508,intron,FALSE,,,24
chr1_179489784,top1pcMesoOnly,0.915071967152891,0.0545547566628313,0.305532851326525,Meso,AXDND1,0,179489784,chr1,86167,86168,promoter,TRUE,SINE,Alu,25
chr1_187990103,top1pcMesoOnly,0.739589603278672,0.205089632828183,0.466819687920585,Meso,LINC03121,228296,187990103,chr1,228296,-228297,intergenic,FALSE,,,26
chr1_188791166,top1pcMesoOnly,0.855603861973753,0.192739978862452,0.0732873890574305,Meso,LINC01035,114521,188791166,chr1,114521,-114522,intergenic,TRUE,LINE,L1,27
chr1_195380513,top1pcMesoOnly,0.813565901081758,0.0683792730551646,0.00927830085746762,Meso,LOC105371672,366510,195380513,chr1,383139,383140,intergenic,FALSE,,,28
chr1_196852579,top1pcMesoOnly,0.777023119287995,0.186604582448902,0.425971409569647,Meso,CFHR1,15419,196852579,chr1,32847,32848,intron,FALSE,,,29
chr1_207423630,top1pcMesoOnly,0.627117607965176,0.14269855896546,0.274490597200763,Meso,LOC105372880,0,207423630,chr1,7291,7292,intron,TRUE,LTR,ERVL,30
chr1_213020812,top1pcMesoOnly,0.877313843411566,0.055307878551186,0.262783685603977,Meso,ANGEL2,4944,213020812,chr1,4944,-4945,intergenic,TRUE,DNA,TcMar-Tigger,31
chr1_213328461,top1pcMesoOnly,0.609282302397312,0.138375676609326,0.143989930378152,Meso,RPS6KC1,0,213328461,chr1,277227,277228,intron,FALSE,,,32
chr1_214009666,top1pcMesoOnly,0.64695205139369,0.205661290240425,0.475302548512751,Meso,PROX1,0,214009666,chr1,21157,-21158,intron,FALSE,,,33
chr1_216226831,top1pcMesoOnly,0.807577761432445,0.202737839706928,0.191016494977164,Meso,USH2A,0,216226831,chr1,32779,32780,intron,TRUE,LTR,ERV1,34
chr1_230649370,top1pcMesoOnly,0.679458540766063,0.148293473794574,0.368399940570779,Meso,COG2,0,230649370,chr1,6888,6889,intron,TRUE,LINE,L2,35
chr1_244231694,top1pcMesoOnly,0.783131756139121,0.0248091374854379,0.448893180542445,Meso,LOC105373262,8893,244231694,chr1,93503,93504,intergenic,FALSE,,,36
chr10_4947799,top1pcMesoOnly,0.931858214932116,0.194252884303094,0.182909293956467,Meso,AKR1C1,15453,4947799,chr10,15453,-15454,intron,TRUE,LTR,ERV1,37
chr10_13283278,top1pcMesoOnly,0.912713476342204,0.189558986307493,0.319559898786013,Meso,PHYH,0,13283278,chr10,16910,-16911,intron,TRUE,SINE,Alu,38
chr10_19410584,top1pcMesoOnly,0.692926186136765,0.156314254322061,0.339857559006665,Meso,MALRD1,0,19410584,chr10,187662,-187663,intron,FALSE,,,39
chr10_20769137,top1pcMesoOnly,0.972627139808824,0.0582604343617468,0.500339305639353,Meso,NEBL,10835,20769137,chr10,217166,217167,intergenic,FALSE,,,40
chr10_20776977,top1pcMesoOnly,0.902532189632382,0.0460594268727201,0.471957793390186,Meso,NEBL,2995,20776977,chr10,225006,225007,intergenic,TRUE,LINE,L2,41
chr10_43127027,top1pcMesoOnly,0.770182292102318,0.0873941712922151,0.187323370140747,Meso,RET,0,43127027,chr10,11306,11307,exon,FALSE,,,42
chr10_51918761,top1pcMesoOnly,0.894336043316133,0.123443031245636,0.038103881921881,Meso,PRKG1,0,51918761,chr10,219165,-219166,intron,FALSE,,,43
chr10_57560894,top1pcMesoOnly,0.661680244676608,0.120154919386958,0.0143468029860685,Meso,LOC105378314,125405,57560894,chr10,145848,-145849,intergenic,TRUE,LINE,L1,44
chr10_57783150,top1pcMesoOnly,0.799288674613118,0.198373566416209,0.0685228786867112,Meso,LOC105378314,0,57783150,chr10,64278,64279,intergenic,TRUE,LINE,L1,45
chr10_81289161,top1pcMesoOnly,0.973694717092547,0.100709615494539,0.46135740061507,Meso,LOC124902549,503616,81289161,chr10,586032,-586033,intergenic,TRUE,LINE,L1,46
chr10_97974397,top1pcMesoOnly,0.782013280972513,0.0752138292225916,0.406853758005307,Meso,CRTAC1,0,97974397,chr10,56430,56431,intron,TRUE,DNA,hAT-Tip100?,47
chr10_110814377,top1pcMesoOnly,0.940274913085156,0.212391081017871,0.314390355234191,Meso,RBM20,0,110814377,chr10,27669,-27670,intron,TRUE,LINE,L2,48
chr10_114767135,top1pcMesoOnly,0.957304751790068,0.113870107029194,0.276095807139806,Meso,ABLIM1,0,114767135,chr10,2346,2347,promoter,FALSE,,,49
chr10_118551735,top1pcMesoOnly,0.907888614800622,0.0517869270878084,0.105409342401968,Meso,PRLHR,38261,118551735,chr10,43912,43913,intergenic,FALSE,,,50
chr10_118786431,top1pcMesoOnly,0.827411954639712,0.170235445015268,0.172823206156597,Meso,LINC03036,0,118786431,chr10,31181,-31182,exon,TRUE,SINE,Alu,51
chr10_120281320,top1pcMesoOnly,0.942156852264203,0.120458378446216,0.429036786635925,Meso,LOC105378515,0,120281320,chr10,16514,16515,intron,TRUE,LINE,L1,52
chr10_121460885,top1pcMesoOnly,0.869611371761334,0.0963921960072206,0.13514507694503,Meso,FGFR2,17446,121460885,chr10,137572,137573,intergenic,FALSE,,,53
chr10_122178395,top1pcMesoOnly,0.729906306678176,0.0589878601881254,0.323351735760282,Meso,TACC2,0,122178395,chr10,23201,-23202,intron,TRUE,SINE,Alu,54
chr10_122450586,top1pcMesoOnly,0.692150131054712,0.103660249452059,0.479107372961697,Meso,HTRA1-AS1,0,122450586,chr10,4066,-4067,exon,FALSE,,,55
chr10_123515922,top1pcMesoOnly,0.714149083523538,0.140292472798707,0.477174446784552,Meso,LINC02641,0,123515922,chr10,43321,43322,intron,TRUE,LINE,L2,56
chr11_705070,top1pcMesoOnly,0.553473414464591,0.092339914945376,0.322759852229486,Meso,EPS8L2,0,705070,chr11,9478,9479,promoter,FALSE,,,57
chr11_3555885,top1pcMesoOnly,0.769372452287505,0.0619401193109357,0.495407080574422,Meso,LOC107984301,0,3555885,chr11,25395,25396,intron,TRUE,LTR,ERVL-MaLR,58
chr11_6099970,top1pcMesoOnly,0.822888329270511,0.136721845456196,0.158233635758198,Meso,OR56B4,7713,6099970,chr11,7713,-7714,intergenic,FALSE,,,59
chr11_10692929,top1pcMesoOnly,0.893718101505606,0.109864312439378,0.224719851659937,Meso,IRAG1,0,10692929,chr11,1058,1059,intron,FALSE,,,60
chr11_21354892,top1pcMesoOnly,0.95326304069235,0.0879396403288298,0.332578998972916,Meso,NELL1,0,21354892,chr11,92294,-92295,intron,FALSE,,,61
chr11_26849255,top1pcMesoOnly,0.659444363609891,0.132571512497268,0.0997344318757962,Meso,LOC124902649,0,26849255,chr11,20892,20893,intron,FALSE,,,62
chr11_70473528,top1pcMesoOnly,0.889217964764641,0.176395142496845,0.192677629579708,Meso,SHANK2,0,70473528,chr11,152912,-152913,exon,FALSE,,,63
chr11_70683330,top1pcMesoOnly,0.552928856042523,0.124605621360641,0.478081740339972,Meso,SHANK2,0,70683330,chr11,56888,56889,intron,FALSE,,,64
chr11_70864045,top1pcMesoOnly,0.724199649122489,0.10529897521629,0.498156468920054,Meso,SHANK2,0,70864045,chr11,1254,1255,exon,FALSE,,,65
chr11_76243811,top1pcMesoOnly,0.711956928260075,0.121080793171851,0.406186528536194,Meso,LINC02761,6945,76243811,chr11,6945,-6946,intergenic,FALSE,,,66
chr11_86453801,top1pcMesoOnly,0.816788646257781,0.130213745174033,0.299209344644728,Meso,ME3,0,86453801,chr11,22440,-22441,intron,TRUE,LTR,ERVL,67
chr11_99710084,top1pcMesoOnly,0.717046052902059,0.0802967180350654,0.486839594238028,Meso,CNTN5,0,99710084,chr11,689134,689135,intron,FALSE,,,68
chr11_100135396,top1pcMesoOnly,0.766603433599377,0.209618712243949,0.0565309172076847,Meso,CNTN5,0,100135396,chr11,541618,-541619,intron,TRUE,SINE,Alu,69
chr11_102638422,top1pcMesoOnly,0.636400729168947,0.184115807793117,0.454974521545652,Meso,MMP20-AS1,2655,102638422,chr11,2655,-2656,intergenic,TRUE,LTR,ERVL,70
chr11_102838224,top1pcMesoOnly,0.793591461101815,0.0854638695183561,0.303249321842598,Meso,MMP3,0,102838224,chr11,5384,5385,intron,FALSE,,,71
chr11_109288886,top1pcMesoOnly,0.842080263449462,0.181793296077355,0.469588335186949,Meso,LINC02715,16937,109288886,chr11,133303,-133304,intron,TRUE,LINE,L1,72
chr11_129550685,top1pcMesoOnly,0.608694714373231,0.0606849898658991,0.159696742120337,Meso,LINC01395,61430,129550685,chr11,66583,66584,intergenic,TRUE,LTR,ERV1,73
chr12_32994022,top1pcMesoOnly,0.721679042716349,0.145098169079973,0.0239239129480838,Meso,PKP2,97223,32994022,chr12,97223,-97224,intergenic,FALSE,,,74
chr12_59085862,top1pcMesoOnly,0.969440168582955,0.0518746750688364,0.455746640432718,Meso,LRIG3-DT,0,59085862,chr12,165357,-165358,intron,FALSE,,,75
chr12_77578899,top1pcMesoOnly,0.817285076917851,0.00939951818938694,0.208567203582595,Meso,NAV3,0,77578899,chr12,199136,199137,intron,FALSE,,,76
chr12_87535548,top1pcMesoOnly,0.792110506633072,0.178130576147023,0.00646376189425837,Meso,LOC105369879,203093,87535548,chr12,204711,204712,intergenic,TRUE,LINE,L1,77
chr12_93592986,top1pcMesoOnly,0.894751971632379,0.0768890593334248,0.0538032293198079,Meso,SOCS2,9498,93592986,chr12,21217,-21218,intergenic,FALSE,,,78
chr12_99030316,top1pcMesoOnly,0.881070542322254,0.170941291687772,0.473280251044159,Meso,ANKS1B,0,99030316,chr12,63042,-63043,intron,FALSE,,,79
chr12_100524417,top1pcMesoOnly,0.864231711842642,0.0592424942575765,0.440727686625615,Meso,NR1H4,0,100524417,chr12,49265,-49266,intron,FALSE,,,80
chr12_100791771,top1pcMesoOnly,0.803425200622473,0.0586510470495749,0.116089898880907,Meso,GAS2L3,163482,100791771,chr12,218087,218088,intron,FALSE,,,81
chr12_107309538,top1pcMesoOnly,0.624576066811079,0.0261391593117887,0.0630026074565853,Meso,ABTB3,8882,107309538,chr12,8882,-8883,intergenic,TRUE,SINE,Alu,82
chr12_109773563,top1pcMesoOnly,0.643115755087868,0.0499205329428972,0.0528107777410157,Meso,FAM222A-AS1,54,109773563,chr12,54,-55,promoter,FALSE,,,83
chr12_117457327,top1pcMesoOnly,0.858069419520678,0.0310450699758469,0.331905459989099,Meso,KSR2,0,117457327,chr12,5156,-5157,exon,FALSE,,,84
chr12_128445634,top1pcMesoOnly,0.625458073207884,0.012184621988945,0.00871207053864865,Meso,TMEM132C,0,128445634,chr12,151541,151542,intron,FALSE,,,85
chr13_23945649,top1pcMesoOnly,0.519435110652411,0.00241907316236467,0.0938899121919305,Meso,ANKRD20A19P,0,23945649,chr13,8559,8560,promoter,FALSE,,,86
chr13_25456550,top1pcMesoOnly,0.550073210529856,0.0513754949765786,0.290592514134682,Meso,ATP8A2,0,25456550,chr13,84575,84576,intron,TRUE,LINE,L2,87
chr13_25456760,top1pcMesoOnly,0.706035675281239,0.0567507255288571,0.275746592876316,Meso,ATP8A2,0,25456760,chr13,84785,84786,intron,FALSE,,,87
chr13_25456795,top1pcMesoOnly,0.787355179421288,0.14689094578789,0.393255561130439,Meso,ATP8A2,0,25456795,chr13,84820,84821,intron,FALSE,,,87
chr13_53099617,top1pcMesoOnly,0.888203147062789,0.0646955016769165,0.0303613523092905,Meso,LINC01065,0,53099617,chr13,52296,52297,exon,TRUE,LTR,ERVL,88
chr13_70427049,top1pcMesoOnly,0.585436830302899,0.0541331620394962,0.019047507109864,Meso,ATXN8OS,255310,70427049,chr13,318555,-318556,intergenic,FALSE,,,89
chr13_77586595,top1pcMesoOnly,0.956534994469252,0.0502144833927573,0.0825050349656859,Meso,SCEL,0,77586595,chr13,19955,19956,intron,TRUE,LINE,L2,90
chr13_86196293,top1pcMesoOnly,0.661082641410499,0.0677325493108935,0.223332825448726,Meso,LOC124903227,112668,86196293,chr13,115191,115192,intergenic,TRUE,LINE,L2,91
chr13_108871408,top1pcMesoOnly,0.909962681590643,0.209553134428045,0.354719547390557,Meso,MYO16,0,108871408,chr13,230510,230511,intron,TRUE,LINE,L1,92
chr13_109317928,top1pcMesoOnly,0.689472221509595,0.0604937301965838,0.432066704400833,Meso,LOC130494219,10096,109317928,chr13,45728,45729,intergenic,TRUE,LINE,L1,93
chr13_110227465,top1pcMesoOnly,0.9306226196939,0.0955590835911751,0.422519819911907,Meso,COL4A1,0,110227465,chr13,78346,-78347,intron,FALSE,,,94
chr14_24501898,top1pcMesoOnly,0.823382598897412,0.185910196383166,0.115562544995711,Meso,LOC101927045,0,24501898,chr14,6366,6367,exon,TRUE,LTR,ERVL,95
chr14_25195672,top1pcMesoOnly,0.923323791653991,0.0109998349342985,0.284161525847263,Meso,LINC02286,39357,25195672,chr14,39357,-39358,intergenic,FALSE,,,96
chr14_56679024,top1pcMesoOnly,0.739187196536462,0.147465073304313,0.403545884057804,Meso,TMEM260,28417,56679024,chr14,115528,-115529,intron,TRUE,LINE,L1,97
chr14_62280202,top1pcMesoOnly,0.753335793290213,0.158356830155014,0.35944483187604,Meso,LOC105370529,34035,62280202,chr14,34035,-34036,intergenic,FALSE,,,98
chr14_62833631,top1pcMesoOnly,0.775067527265234,0.0447436507346865,0.380161972561597,Meso,KCNH5,0,62833631,chr14,261819,-261820,intron,TRUE,LINE,L1,99
chr14_65865181,top1pcMesoOnly,0.924028630438403,0.162201069114884,0.0919310882402715,Meso,FUT8,121059,65865181,chr14,246375,-246376,intergenic,FALSE,,,100
chr14_69342906,top1pcMesoOnly,0.973562147668724,0.100928915969015,0.0256730528747443,Meso,GALNT16,0,69342906,chr14,55108,-55109,intron,TRUE,LINE,L2,101
chr14_98337929,top1pcMesoOnly,0.857978340508025,0.109642531874533,0.145537562984099,Meso,LOC105370656,95134,98337929,chr14,123949,123950,intron,FALSE,,,102
chr14_101480894,top1pcMesoOnly,0.78629008407503,0.147519185909769,0.365703324935599,Meso,LINC03117,5105,101480894,chr14,5105,-5106,promoter,FALSE,,,103
chr15_28038360,top1pcMesoOnly,0.995160966251863,0.213640564484146,0.32891851047914,Meso,MIR4509-2,388130,28038360,chr15,388130,-388131,intron,FALSE,,,104
chr15_35813336,top1pcMesoOnly,0.675080866382982,0.0856155633520179,0.130584907956468,Meso,DPH6-DT,0,35813336,chr15,106555,-106556,intron,TRUE,LTR,LTR,105
chr15_55789925,top1pcMesoOnly,0.624864692414659,0.0208466365345488,0.0980573131523974,Meso,NEDD4,36996,55789925,chr15,46772,-46773,intergenic,TRUE,LTR,ERVL-MaLR,106
chr15_73358482,top1pcMesoOnly,0.899836729734454,0.0194345829541353,0.471020465650989,Meso,HCN4,0,73358482,chr15,10475,10476,intron,FALSE,,,107
chr15_83210865,top1pcMesoOnly,0.944265499476987,0.106913951117111,0.399714591421075,Meso,HDGFL3,2989,83210865,chr15,2989,-2990,intron,FALSE,,,108
chr15_83903842,top1pcMesoOnly,0.913210880778924,0.206417832209836,0.293158881062193,Meso,LOC105370935,40260,83903842,chr15,41799,41800,intron,TRUE,SINE,Alu,109
chr15_93674133,top1pcMesoOnly,0.778949865205236,0.0950725216415707,0.423629354534695,Meso,LOC107983974,0,93674133,chr15,161356,-161357,intron,FALSE,,,110
chr16_7088039,top1pcMesoOnly,0.768361486495307,0.0980632754242227,0.394612768116533,Meso,RBFOX1,0,7088039,chr16,32497,-32498,intron,FALSE,,,111
chr16_11020821,top1pcMesoOnly,0.901052160201182,0.0620177221377145,0.045039715975627,Meso,CLEC16A,0,11020821,chr16,76281,76282,intron,FALSE,,,112
chr16_51044013,top1pcMesoOnly,0.849158368082946,0.0392289820236639,0.359806793805605,Meso,LOC107984903,5248,51044013,chr16,5248,-5249,intergenic,FALSE,,,113
chr16_51943545,top1pcMesoOnly,0.825477471530304,0.0603268067503194,0.425222883700321,Meso,LOC105371259,13745,51943545,chr16,51052,51053,intergenic,FALSE,,,114
chr16_55725968,top1pcMesoOnly,0.915225091879564,0.173785848691633,0.352620570053975,Meso,CES1P2,2146,55725968,chr16,2146,-2147,intergenic,TRUE,LINE,L2,115
chr16_56126728,top1pcMesoOnly,0.692367471640085,0.028512201804826,0.360586164241807,Meso,GNAO1-DT,0,56126728,chr16,17190,17191,intron,TRUE,LINE,L1,116
chr16_59757346,top1pcMesoOnly,0.569014794906427,0.104969118770735,0.378280982351456,Meso,APOOP5,2319,59757346,chr16,2319,-2320,intergenic,TRUE,LTR,ERVL-MaLR,117
chr16_68684738,top1pcMesoOnly,0.875909435471893,0.0369737022557356,0.123046464402023,Meso,CDH3,0,68684738,chr16,38569,-38570,promoter,FALSE,,,118
chr16_71221222,top1pcMesoOnly,0.634621297433331,0.156586470280386,0.158511163977893,Meso,HYDIN,0,71221222,chr16,9499,9500,intron,FALSE,,,119
chr16_86298775,top1pcMesoOnly,0.712010677928396,0.123918941359019,0.0756946217340676,Meso,LOC124903744,0,86298775,chr16,2488,2489,intron,FALSE,,,120
chr17_9163632,top1pcMesoOnly,0.955713014509815,0.156839995528489,0.501786972949192,Meso,NTN1,0,9163632,chr17,15485,15486,intron,FALSE,,,121
chr17_19734237,top1pcMesoOnly,0.9316773313846,0.114644728390493,0.0718937458888803,Meso,ALDH3A1,3746,19734237,chr17,14705,14706,intergenic,TRUE,LINE,L2,122
chr17_29397740,top1pcMesoOnly,0.573983127217274,0.027355353934641,0.362134613286983,Meso,TAOK1,0,29397740,chr17,7077,7078,intron,FALSE,,,123
chr17_34615774,top1pcMesoOnly,0.55632502081653,0.0616555755827726,0.135035854332795,Meso,TMEM132E,0,34615774,chr17,36286,36287,intron,FALSE,,,124
chr17_34840753,top1pcMesoOnly,0.788596981833477,0.177422930066269,0.163297396707199,Meso,CCT6B,87105,34840753,chr17,120786,-120787,intron,TRUE,SINE,MIR,125
chr17_59156862,top1pcMesoOnly,0.717942670293131,0.0841614907451301,0.404050605983493,Meso,PRR11,0,59156862,chr17,1129,1130,promoter,TRUE,SINE,Alu,126
chr17_63505545,top1pcMesoOnly,0.923128619718822,0.0696447520382582,0.0472135976698838,Meso,ACE,0,63505545,chr17,17788,-17789,promoter,TRUE,LTR,ERVL-MaLR,127
chr17_74920334,top1pcMesoOnly,0.642205077026485,0.111539262964719,0.16350620336916,Meso,USH1G,0,74920334,chr17,2615,-2616,exon,FALSE,,,128
chr17_76079534,top1pcMesoOnly,0.715522371999741,0.0638111441701564,0.38989506211665,Meso,GALR2,0,76079534,chr17,351,352,promoter,FALSE,,,129
chr17_76500707,top1pcMesoOnly,0.518370791127337,0.089529631585228,0.230341983646014,Meso,RHBDF2,0,76500707,chr17,1082,1083,intron,FALSE,,,130
chr18_112528,top1pcMesoOnly,0.531476796092186,0.0776949687926834,0.22687418211799,Meso,ROCK1P1,0,112528,chr18,188,-189,promoter,FALSE,,,131
chr18_4843115,top1pcMesoOnly,0.752097905901705,0.0939448959676751,0.195228059495005,Meso,LINC01892,238055,4843115,chr18,238055,-238056,intron,FALSE,,,132
chr18_40617764,top1pcMesoOnly,0.87021429990192,0.123661266241642,0.245594385424993,Meso,LOC107985132,176800,40617764,chr18,179901,179902,intergenic,FALSE,,,133
chr18_46631530,top1pcMesoOnly,0.643160762156963,0.184458304783846,0.451436639400996,Meso,LOXHD1,0,46631530,chr18,25689,25690,intron,FALSE,,,134
chr18_71732011,top1pcMesoOnly,0.938524237942062,0.115702717180743,0.502422114731219,Meso,LINC01899,582,71732011,chr18,45890,-45891,intergenic,TRUE,SINE,Alu,135
chr18_73915172,top1pcMesoOnly,0.899590742794164,0.098369752842952,0.487442782009646,Meso,LOC124904358,32636,73915172,chr18,32636,-32637,intron,FALSE,,,136
chr18_76132824,top1pcMesoOnly,0.633306162469292,0.138417011776462,0.0231635024028199,Meso,LOC339298,0,76132824,chr18,9869,9870,intron,TRUE,LINE,L2,137
chr19_453808,top1pcMesoOnly,0.88333893709496,0.0165556968819771,0.239620080895725,Meso,SHC2,0,453808,chr19,7224,7225,intron,FALSE,,,138
chr19_5547002,top1pcMesoOnly,0.714938689820447,0.0158201516351082,0.322243136990654,Meso,TINCR,11164,5547002,chr19,31346,31347,intergenic,TRUE,LINE,L2,139
chr19_8340176,top1pcMesoOnly,0.851544938954985,0.106949046147383,0.186238182942233,Meso,KANK3,0,8340176,chr19,3085,3086,intron,TRUE,SINE,Alu,140
chr19_15797298,top1pcMesoOnly,0.667676218971348,0.121986085734898,0.396359790636146,Meso,OR10H5,0,15797298,chr19,9636,9637,exon,FALSE,,,141
chr19_50230486,top1pcMesoOnly,0.532516014577758,0.025716102711456,0.501680487888683,Meso,MYH14,0,50230486,chr19,26485,-26486,intron,FALSE,,,142
chr19_50230632,top1pcMesoOnly,0.763105993713628,0.0757954905886814,0.156536295604434,Meso,MYH14,0,50230632,chr19,26631,-26632,intron,FALSE,,,142
chr19_51663790,top1pcMesoOnly,0.660387435883155,0.131599438953267,0.100976526733994,Meso,SIGLEC14,16964,51663790,chr19,16964,-16965,intergenic,FALSE,,,143
chr19_53012012,top1pcMesoOnly,0.922146900810687,0.153727404781103,0.245355488573572,Meso,ZNF702P,0,53012012,chr19,1908,-1909,promoter,FALSE,,,144
chr19_54435160,top1pcMesoOnly,0.541101865598813,0.09351585297149,0.39170877315495,Meso,LOC105372460,79042,54435160,chr19,92010,92011,promoter,FALSE,,,145
chr2_111984,top1pcMesoOnly,0.733952454382319,0.188522868598064,0.136663881662706,Meso,LOC105373324,49736,111984,chr2,65113,-65114,intergenic,FALSE,,,146
chr2_1848337,top1pcMesoOnly,0.854177445694089,0.0978922514757368,0.192784259437031,Meso,MYT1L,0,1848337,chr2,5371,5372,intron,FALSE,,,147
chr2_18194005,top1pcMesoOnly,0.660947329142611,0.19574890138785,0.307140334149117,Meso,KCNS3,0,18194005,chr2,153271,-153272,intron,TRUE,LTR,LTR,148
chr2_25705115,top1pcMesoOnly,0.859421236695962,0.0150964175958395,0.329608091477385,Meso,ASXL2,28637,25705115,chr2,31467,-31468,intron,TRUE,Retroposon,SVA,149
chr2_30884373,top1pcMesoOnly,0.796255896678629,0.0294348214358146,0.225002422500796,Meso,LOC105374435,23597,30884373,chr2,60845,60846,intergenic,FALSE,,,150
chr2_43620506,top1pcMesoOnly,0.903225295831355,0.036862530808003,0.162206418474726,Meso,PLEKHH2,16753,43620506,chr2,16753,-16754,intergenic,FALSE,,,151
chr2_57607842,top1pcMesoOnly,0.876297871413318,0.0131645509414031,0.0341578398992112,Meso,LOC105374697,57867,57607842,chr2,57867,-57868,intron,TRUE,LINE,L1,152
chr2_66854397,top1pcMesoOnly,0.960124496763651,0.0248527153561091,0.240615645537681,Meso,LINC01799,0,66854397,chr2,68084,68085,intron,FALSE,,,153
chr2_67037831,top1pcMesoOnly,0.981217664350782,0.0579996672212706,0.118766610717037,Meso,LOC105374785,0,67037831,chr2,619,620,promoter,FALSE,,,154
chr2_67691282,top1pcMesoOnly,0.634238604196063,0.100274108646836,0.270029806407964,Meso,LOC105374786,7204,67691282,chr2,7204,-7205,intergenic,FALSE,,,155
chr2_69305052,top1pcMesoOnly,0.80918765400472,0.174672024938503,0.133947289791643,Meso,GFPT1,14727,69305052,chr2,24379,24380,intron,FALSE,,,156
chr2_107345591,top1pcMesoOnly,0.911745879965698,0.0834697893715334,0.138316689966611,Meso,LINC01789,0,107345591,chr2,20281,20282,intron,FALSE,,,157
chr2_107345621,top1pcMesoOnly,0.740167936989489,0.156205830556187,0.0846327644058735,Meso,LINC01789,0,107345621,chr2,20251,20252,intron,FALSE,,,157
chr2_108902486,top1pcMesoOnly,0.662288979295954,0.1989364464001,0.305331668654543,Meso,EDAR,0,108902486,chr2,86885,86886,intron,TRUE,LINE,L1,158
chr2_114809876,top1pcMesoOnly,0.832233944279299,0.0260349332235284,0.129398544313839,Meso,DPP10,0,114809876,chr2,23671,23672,intron,FALSE,,,159
chr2_132151248,top1pcMesoOnly,0.879081572141647,0.0762820655676068,0.386099909831306,Meso,ANKRD30BL,0,132151248,chr2,105831,105832,intron,FALSE,,,160
chr2_137511505,top1pcMesoOnly,0.735078623630439,0.0974134426259708,0.411678638784685,Meso,THSD7B,0,137511505,chr2,452514,-452515,intron,TRUE,LINE,L1,161
chr2_142343792,top1pcMesoOnly,0.6625900899376,0.014038251238285,0.492956066589137,Meso,LRP1B,212775,142343792,chr2,212775,-212776,intergenic,TRUE,DNA,TcMar-Tc2,162
chr2_143170215,top1pcMesoOnly,0.984515388851912,0.192049863979266,0.301881776193431,Meso,ARHGAP15,0,143170215,chr2,78852,78853,intron,FALSE,,,163
chr2_178190946,top1pcMesoOnly,0.529062239261353,0.0924179117237332,0.242239739236532,Meso,OSBPL6,3534,178190946,chr2,3534,-3535,intergenic,TRUE,SINE,Alu,164
chr2_194423840,top1pcMesoOnly,0.898206991375266,0.143058637192263,0.498886606751591,Meso,LINC01821,0,194423840,chr2,139105,139106,intron,TRUE,LINE,L1,165
chr2_209374338,top1pcMesoOnly,0.792018361249814,0.0930976639310872,0.232123636415646,Meso,MAP2,49708,209374338,chr2,49708,-49709,intron,TRUE,LINE,L1,166
chr2_213560849,top1pcMesoOnly,0.963896437075644,0.12120706710044,0.00716328331980449,Meso,SPAG16,0,213560849,chr2,197217,-197218,intron,FALSE,,,167
chr2_218271388,top1pcMesoOnly,0.600663344381982,0.202034526577056,0.00752358193646264,Meso,PNKD,0,218271388,chr2,876,877,promoter,FALSE,,,168
chr2_223838321,top1pcMesoOnly,0.733075840424859,0.123574297739552,0.299641298741887,Meso,AP1S3,0,223838321,chr2,106177,-106178,promoter,TRUE,SINE,Alu,169
chr2_236344794,top1pcMesoOnly,0.872051775021932,0.00843739565516375,0.0359161098418344,Meso,DRC11,0,236344794,chr2,46279,-46280,intron,FALSE,,,170
chr2_238160641,top1pcMesoOnly,0.708100765330604,0.0265697334543641,0.233701156184806,Meso,ERFE,0,238160641,chr2,1670,1671,intron,FALSE,,,171
chr2_239012092,top1pcMesoOnly,0.655060636886844,0.0338686233081685,0.317037172207732,Meso,HDAC4,36075,239012092,chr2,56821,56822,intergenic,FALSE,,,172
chr2_241011860,top1pcMesoOnly,0.847320724680055,0.189210646232465,0.265155627594211,Meso,SNED1,0,241011860,chr2,1115,-1116,promoter,FALSE,,,173
chr20_1997008,top1pcMesoOnly,0.957659142008238,0.0103002190325156,0.247157512551341,Meso,PDYN-AS1,0,1997008,chr20,2722,-2723,intron,TRUE,SINE,MIR,174
chr20_2877384,top1pcMesoOnly,0.947943799397674,0.0737104116599432,0.257117824435393,Meso,PTPRA,0,2877384,chr20,3963,3964,intron,TRUE,SINE,Alu,175
chr20_3730402,top1pcMesoOnly,0.735491123315042,0.114499539636661,0.316122980286461,Meso,HSPA12B,2282,3730402,chr20,2282,-2283,intergenic,FALSE,,,176
chr20_5310210,top1pcMesoOnly,0.832670401547958,0.181152253483019,0.114018874723119,Meso,PROKR2,0,5310210,chr20,6743,6744,intron,FALSE,,,177
chr20_9911671,top1pcMesoOnly,0.795967130203527,0.183417132552493,0.289616988074259,Meso,PAK5,72594,9911671,chr20,72594,-72595,intergenic,FALSE,,,178
chr20_14524908,top1pcMesoOnly,0.828757025566142,0.108764328797201,0.281881962798275,Meso,MACROD2,0,14524908,chr20,1590,-1591,promoter,FALSE,,,179
chr20_15077874,top1pcMesoOnly,0.858435971681443,0.0212603250224717,0.18102226682924,Meso,MACROD2,0,15077874,chr20,148338,-148339,intron,FALSE,,,180
chr20_22537780,top1pcMesoOnly,0.873407955388928,0.130438841332692,0.434927503889892,Meso,LOC105372564,13565,22537780,chr20,13565,-13566,intergenic,FALSE,,,181
chr20_37344695,top1pcMesoOnly,0.974271775972471,0.0138637783017409,0.145659998161571,Meso,BLCAP,157718,37344695,chr20,176510,-176511,promoter,FALSE,,,182
chr20_42737523,top1pcMesoOnly,0.618424452619269,0.0226933889835584,0.304216962207523,Meso,PTPRT,0,42737523,chr20,52118,52119,intron,TRUE,SINE,Alu,183
chr20_44786349,top1pcMesoOnly,0.743654316012596,0.0162508427882628,0.356057073530583,Meso,RIMS4,0,44786349,chr20,24196,24197,intron,FALSE,,,184
chr20_49595429,top1pcMesoOnly,0.637724972324901,0.0970119859509039,0.000583029913257172,Meso,LOC105372651,0,49595429,chr20,858,859,intron,TRUE,LTR,ERVL-MaLR,185
chr20_55044754,top1pcMesoOnly,0.920512979213371,0.0627138764712963,0.000900525847295993,Meso,LINC01440,364143,55044754,chr20,364143,-364144,intergenic,TRUE,LTR,ERVL-MaLR,186
chr20_59549900,top1pcMesoOnly,0.728254038288201,0.105979900791484,0.0256152771629375,Meso,PHACTR3,27608,59549900,chr20,27608,-27609,intergenic,TRUE,LINE,L1,187
chr21_17204447,top1pcMesoOnly,0.971179681377633,0.113976121821878,0.350125776768005,Meso,LOC107985511,0,17204447,chr21,12758,12759,intron,TRUE,LINE,L1,188
chr21_24891874,top1pcMesoOnly,0.718245996526541,0.0580731379133686,0.309044859047504,Meso,LINC01692,0,24891874,chr21,51323,51324,intron,TRUE,SINE,Alu,189
chr21_42140609,top1pcMesoOnly,0.680986179112573,0.00785068859726071,0.189511259760621,Meso,UMODL1,0,42140609,chr21,32074,-32075,intron,FALSE,,,190
chr22_17032950,top1pcMesoOnly,0.706213556453393,0.0655998642446104,0.241551383391525,Meso,CECR7,3474,17032950,chr22,3474,-3475,intergenic,FALSE,,,191
chr22_34004142,top1pcMesoOnly,0.780738498408877,0.111146781707691,0.407631183737702,Meso,LINC01643,13259,34004142,chr22,13259,-13260,intergenic,FALSE,,,192
chr22_49038136,top1pcMesoOnly,0.886223972634111,0.0400733790887728,0.254376385064324,Meso,NHIP,5782,49038136,chr22,14412,14413,intron,FALSE,,,193
chr3_9612747,top1pcMesoOnly,0.849269590462852,0.0463983138234652,0.488309836197725,Meso,LOC105376949,12030,9612747,chr3,12030,-12031,intergenic,TRUE,LTR,ERVL-MaLR,194
chr3_14080194,top1pcMesoOnly,0.555559600896521,0.178375405667729,0.218398886311258,Meso,TPRXL,0,14080194,chr3,33012,-33013,intron,TRUE,LTR,ERV1,195
chr3_19068389,top1pcMesoOnly,0.929644379639156,0.175630234560299,0.46375941460237,Meso,LINC03179,0,19068389,chr3,56126,-56127,intron,TRUE,LTR,ERVL-MaLR,196
chr3_25855837,top1pcMesoOnly,0.969781331977006,0.0534947797821738,0.315888329423083,Meso,LINC00692,2687,25855837,chr3,17890,-17891,intergenic,TRUE,LTR,ERVL-MaLR,197
chr3_33980162,top1pcMesoOnly,0.725829656569294,0.177729554621106,0.372890338098658,Meso,LINC01811,0,33980162,chr3,23189,23190,intron,FALSE,,,198
chr3_38618528,top1pcMesoOnly,0.946129958571061,0.0793712232796137,0.0415673134189518,Meso,SCN5A,0,38618528,chr3,31214,31215,intron,TRUE,LINE,L2,199
chr3_40317513,top1pcMesoOnly,0.92945355612229,0.00902398311683706,0.476907601907006,Meso,ENTPD3-AS1,0,40317513,chr3,7805,7806,intron,FALSE,,,200
chr3_53493716,top1pcMesoOnly,0.51709500140677,0.00973018763466903,0.31313532827982,Meso,CACNA1D,0,53493716,chr3,105879,-105880,promoter,FALSE,,,201
chr3_53818054,top1pcMesoOnly,0.537105750048414,0.084531761376149,0.342488687839908,Meso,CHDH,0,53818054,chr3,28364,28365,exon,FALSE,,,202
chr3_54235472,top1pcMesoOnly,0.781992741547223,0.0914366653294832,0.454697954074945,Meso,CACNA2D3,0,54235472,chr3,110094,-110095,intron,TRUE,LTR,ERVL-MaLR,203
chr3_82909604,top1pcMesoOnly,0.939037665380647,0.090797994030109,0.435693214683052,Meso,LOC101927439,308357,82909604,chr3,308357,-308358,intergenic,FALSE,,,204
chr3_85177252,top1pcMesoOnly,0.904400582206475,0.00252065311442035,0.137381422863117,Meso,CADM2,0,85177252,chr3,208457,-208458,intron,FALSE,,,205
chr3_119083354,top1pcMesoOnly,0.896534274892223,0.126056203553011,0.027709740227757,Meso,IGSF11,0,119083354,chr3,62713,62714,intron,TRUE,SINE,Alu,206
chr3_143480485,top1pcMesoOnly,0.842666259150056,0.0920644077283035,0.046149464506121,Meso,SLC9A9,0,143480485,chr3,138238,138239,intron,FALSE,,,207
chr3_189116412,top1pcMesoOnly,0.768087968090997,0.102465777674922,0.452306540395648,Meso,TPRG1,0,189116412,chr3,15909,-15910,intron,TRUE,SINE,Alu,208
chr4_4409951,top1pcMesoOnly,0.747182576904307,0.109615217594608,0.277227464701261,Meso,NSG1,0,4409951,chr4,28968,28969,intron,FALSE,,,209
chr4_11840808,top1pcMesoOnly,0.858077152657708,0.104989342749405,0.400237858554355,Meso,LOC105374489,0,11840808,chr4,71244,-71245,intron,FALSE,,,210
chr4_13188532,top1pcMesoOnly,0.825530914495958,0.130028114596654,0.0100986485185708,Meso,RAB28,172821,13188532,chr4,215480,-215481,intron,FALSE,,,211
chr4_18150172,top1pcMesoOnly,0.519465821141413,0.185697069734777,0.489756993772402,Meso,LOC107986262,9418,18150172,chr4,9418,-9419,intergenic,FALSE,,,212
chr4_24329089,top1pcMesoOnly,0.792924317449326,0.116379293813034,0.297698966412645,Meso,PPARGC1A,0,24329089,chr4,107658,-107659,intergenic,FALSE,,,213
chr4_34193701,top1pcMesoOnly,0.82267181837034,0.0110101832464847,0.242208125840399,Meso,LINC02484,0,34193701,chr4,141649,141650,intron,FALSE,,,214
chr4_39515037,top1pcMesoOnly,0.968095857110133,0.0658120850810407,0.207568911962194,Meso,UGDH,0,39515037,chr4,12675,-12676,intron,TRUE,SINE,Alu,215
chr4_66778654,top1pcMesoOnly,0.606339633830835,0.140393402954129,0.0471900868130853,Meso,LOC105377262,84209,66778654,chr4,92195,92196,intron,TRUE,SINE,Alu,216
chr4_73379435,top1pcMesoOnly,0.980010607192953,0.112876640965865,0.0263679111913335,Meso,ALB,17678,73379435,chr4,17678,-17679,intergenic,FALSE,,,217
chr4_96196903,top1pcMesoOnly,0.91072999934754,0.0209876187213061,0.224225022424107,Meso,LINC02267,0,96196903,chr4,26517,26518,intron,FALSE,,,218
chr4_98573996,top1pcMesoOnly,0.936513313278618,0.150004219456031,0.319941849226641,Meso,TSPAN5,0,98573996,chr4,84614,84615,intron,FALSE,,,219
chr4_109728734,top1pcMesoOnly,0.991543258473231,0.0472430643791992,0.298285142921162,Meso,PLA2G12A,0,109728734,chr4,1335,1336,intron,FALSE,,,220
chr4_123505007,top1pcMesoOnly,0.840845092032247,0.19029848305312,0.185229069861957,Meso,LINC02435,0,123505007,chr4,14738,14739,promoter,FALSE,,,221
chr4_132129379,top1pcMesoOnly,0.838293414446148,0.109388434127605,0.313733239454419,Meso,LOC105377428,0,132129379,chr4,216241,216242,intron,TRUE,LTR,ERV1,222
chr4_149944016,top1pcMesoOnly,0.977858040373672,0.0666705145695634,0.362136212683295,Meso,IQCM,47782,149944016,chr4,47782,-47783,intergenic,TRUE,LINE,L1,223
chr4_174993887,top1pcMesoOnly,0.909752665641622,0.0339564622915924,0.214439308505279,Meso,LOC124900871,0,174993887,chr4,164197,164198,exon,TRUE,LINE,L1,224
chr4_176272661,top1pcMesoOnly,0.835538073790576,0.0615454444066153,0.181278612153985,Meso,ASB5,0,176272661,chr4,4909,4910,intron,FALSE,,,225
chr5_1857714,top1pcMesoOnly,0.811911959131001,0.211244559615268,0.207821331891936,Meso,LOC124901164,0,1857714,chr5,6763,6764,promoter,FALSE,,,226
chr5_6559194,top1pcMesoOnly,0.943085026899495,0.106619960703128,0.503643692255134,Meso,LINC01018,22940,6559194,chr5,22940,-22941,intergenic,FALSE,,,227
chr5_9627871,top1pcMesoOnly,0.654289683349102,0.0696650574259509,0.291883223796452,Meso,TAS2R1,0,9627871,chr5,26366,-26367,exon,FALSE,,,228
chr5_30313066,top1pcMesoOnly,0.681905979912704,0.0755505506711024,0.00409014890710267,Meso,LOC124901179,108047,30313066,chr5,115076,115077,intergenic,TRUE,LINE,L1,229
chr5_36748756,top1pcMesoOnly,0.874568201850568,0.126029326024688,0.0659320131501788,Meso,SLC1A3-AS1,23537,36748756,chr5,23537,-23538,intergenic,FALSE,,,230
chr5_55178010,top1pcMesoOnly,0.538588369358079,0.154020853892786,0.219269197942736,Meso,CDC20B,4832,55178010,chr5,4832,-4833,promoter,TRUE,SINE,Alu,231
chr5_71894235,top1pcMesoOnly,0.913338819943644,0.175302197967004,0.00731531555219783,Meso,LOC105379027,8861,71894235,chr5,20837,20838,intergenic,FALSE,,,232
chr5_85498781,top1pcMesoOnly,0.668235310011045,0.206708043217935,0.196987004408656,Meso,LOC105379061,44717,85498781,chr5,149925,149926,intergenic,TRUE,LTR,ERVL-MaLR,233
chr5_89009995,top1pcMesoOnly,0.95141211208181,0.10235437711955,0.162438883141525,Meso,MEF2C-AS1,0,89009995,chr5,105737,-105738,intron,FALSE,,,234
chr5_99442722,top1pcMesoOnly,0.948570698801276,0.13098057771867,0.292904390840124,Meso,LINC02113,0,99442722,chr5,32376,32377,intron,FALSE,,,235
chr5_99511246,top1pcMesoOnly,0.877320509347963,0.00573277922552834,0.136888353767452,Meso,LINC02113,0,99511246,chr5,100900,100901,intron,TRUE,SINE,Alu,236
chr5_104454937,top1pcMesoOnly,0.88390970267466,0.0699849348484818,0.501826582284108,Meso,LOC105379109,0,104454937,chr5,318909,318910,intron,FALSE,,,237
chr5_105401235,top1pcMesoOnly,0.744343110420644,0.10756790738165,0.33675774533674,Meso,LOC105379110,8264,105401235,chr5,8264,-8265,intergenic,FALSE,,,238
chr5_118486884,top1pcMesoOnly,0.841260876891541,0.181392808978352,0.370346489034611,Meso,LINC02208,0,118486884,chr5,75318,75319,promoter,FALSE,,,239
chr5_124641274,top1pcMesoOnly,0.848105206070194,0.00874786784290877,0.436407451397772,Meso,ZNF608,0,124641274,chr5,107532,107533,exon,FALSE,,,240
chr5_132746402,top1pcMesoOnly,0.801638478790319,0.157478288377513,0.0430853157930915,Meso,CCNI2,1023,132746402,chr5,1023,-1024,promoter,TRUE,LINE,L1,241
chr5_155991379,top1pcMesoOnly,0.683024255277255,0.13345439073628,0.14478153491957,Meso,SGCD,0,155991379,chr5,262858,262859,intron,FALSE,,,242
chr6_1088728,top1pcMesoOnly,0.952450013301216,0.205213146152419,0.239900286341508,Meso,LINC01622,0,1088728,chr6,12693,12694,promoter,FALSE,,,243
chr6_1206693,top1pcMesoOnly,0.591499873277612,0.0300372488657899,0.46891020323579,Meso,LINC01622,105270,1206693,chr6,105270,-105271,intron,FALSE,,,244
chr6_2857363,top1pcMesoOnly,0.637469229742302,0.167225863904098,0.492425895398729,Meso,SERPINB9P1,0,2857363,chr6,3255,-3256,promoter,FALSE,,,245
chr6_3160303,top1pcMesoOnly,0.758797039225458,0.0371278780818191,0.2434479432214,Meso,LOC105374889,1580,3160303,chr6,2660,2661,intron,FALSE,,,246
chr6_8203562,top1pcMesoOnly,0.797684306998701,0.112615308238325,0.256373478893321,Meso,LOC105374911,0,8203562,chr6,100824,100825,intron,FALSE,,,247
chr6_12532474,top1pcMesoOnly,0.96082865382031,0.187352658814558,0.462304113859139,Meso,LINC02530,50440,12532474,chr6,52929,52930,intergenic,TRUE,SINE,Alu,248
chr6_19738588,top1pcMesoOnly,0.910240199118198,0.0650493776148359,0.0595575039516184,Meso,LOC107986575,0,19738588,chr6,65981,65982,intron,TRUE,LINE,L1,249
chr6_21111544,top1pcMesoOnly,0.61769119524483,0.0801195856043893,0.0407698794580534,Meso,CDKAL1,0,21111544,chr6,29500,29501,intron,FALSE,,,250
chr6_23510405,top1pcMesoOnly,0.772859499428148,0.102285051211911,0.0630107398074559,Meso,LOC105374976,0,23510405,chr6,74052,74053,intron,FALSE,,,251
chr6_40489885,top1pcMesoOnly,0.727916418656312,0.182847703722668,0.280649672710882,Meso,LRFN2,0,40489885,chr6,33865,-33866,intron,FALSE,,,252
chr6_53310348,top1pcMesoOnly,0.879855036048889,0.0415887318414498,0.103399972319555,Meso,ELOVL5,0,53310348,chr6,26997,26998,intron,TRUE,SINE,MIR,253
chr6_54607683,top1pcMesoOnly,0.712696981648518,0.165928537692077,0.0114129896539657,Meso,LOC107986606,0,54607683,chr6,194184,194185,intron,TRUE,LINE,L1,254
chr6_56231217,top1pcMesoOnly,0.732448368672028,0.103697871973671,0.44538597944918,Meso,COL21A1,0,56231217,chr6,162876,162877,intron,FALSE,,,255
chr6_56231345,top1pcMesoOnly,0.760781380049984,0.0145768445190891,0.2206896879214,Meso,COL21A1,0,56231345,chr6,162748,162749,intron,FALSE,,,255
chr6_66292702,top1pcMesoOnly,0.900580729044728,0.176833081802243,0.221325276149744,Meso,LOC105377841,116268,66292702,chr6,232361,-232362,intergenic,TRUE,LTR,ERVL-MaLR,256
chr6_71013852,top1pcMesoOnly,0.86807576492428,0.0724853235912516,0.180055389865246,Meso,B3GAT2,56791,71013852,chr6,56791,-56792,intergenic,FALSE,,,257
chr6_78167797,top1pcMesoOnly,0.797139259437047,0.101789163893255,0.370621225926141,Meso,LOC105377865,0,78167797,chr6,438238,438239,intron,TRUE,LTR,ERVL-MaLR,258
chr6_90811753,top1pcMesoOnly,0.830654469791634,0.0995667382831629,0.503421349413083,Meso,LOC107986623,0,90811753,chr6,201360,201361,intergenic,FALSE,,,259
chr6_92836236,top1pcMesoOnly,0.962093717083832,0.0160127498418669,0.235199288986045,Meso,LOC124901507,45570,92836236,chr6,45782,45783,intergenic,TRUE,LTR,ERVL-MaLR,260
chr6_94170232,top1pcMesoOnly,0.610657777743684,0.162828323591903,0.345089655709009,Meso,LOC105377901,375942,94170232,chr6,382378,382379,intron,TRUE,LTR,ERVL-MaLR,261
chr6_94548357,top1pcMesoOnly,0.887875421039455,0.0945546010509098,0.363603997212454,Meso,LOC105377901,0,94548357,chr6,187582,187583,exon,FALSE,,,262
chr6_105873968,top1pcMesoOnly,0.889619741263932,0.03877756120972,0.283081893253723,Meso,LOC105377923,0,105873968,chr6,19072,19073,intron,FALSE,,,263
chr6_117826881,top1pcMesoOnly,0.631647594556687,0.0229199893889219,0.0747032335211152,Meso,LOC124901480,78777,117826881,chr6,80182,80183,intergenic,FALSE,,,264
chr6_131813844,top1pcMesoOnly,0.894609430992104,0.0299321313580862,0.0205911265342315,Meso,ENPP1,0,131813844,chr6,5827,5828,intron,TRUE,LTR,ERV1,265
chr6_133203505,top1pcMesoOnly,0.895199827621615,0.0620365294578209,0.0366231519196074,Meso,EYA4,37008,133203505,chr6,37008,-37009,intergenic,TRUE,SINE,Alu,266
chr6_145247009,top1pcMesoOnly,0.602178382073743,0.0760379976552711,0.482448869704016,Meso,EPM2A,135525,145247009,chr6,487705,-487706,intron,TRUE,SINE,MIR,267
chr6_165407927,top1pcMesoOnly,0.836567249834825,0.0652323640456204,0.457852844584673,Meso,PDE10A,0,165407927,chr6,3463,-3464,promoter,FALSE,,,268
chr6_165998828,top1pcMesoOnly,0.860693881918547,0.0461559578231316,0.301036525326961,Meso,LINC00602,9211,165998828,chr6,10710,-10711,intergenic,FALSE,,,269
chr6_166672955,top1pcMesoOnly,0.612277978009886,0.194086526050292,0.378762779328463,Meso,RPS6KA2,0,166672955,chr6,39040,39041,intron,FALSE,,,270
chr7_6838676,top1pcMesoOnly,0.551432820849191,0.0811557342631353,0.428678196404063,Meso,CCZ1B,11905,6838676,chr7,11905,-11906,intron,TRUE,SINE,Alu,271
chr7_7641944,top1pcMesoOnly,0.778111430743159,0.187449588093987,0.467467582303716,Meso,UMAD1,0,7641944,chr7,1232,1233,promoter,FALSE,,,272
chr7_16822224,top1pcMesoOnly,0.921169828610733,0.027091915843649,0.260595511855637,Meso,AGR2,0,16822224,chr7,11208,11209,intron,FALSE,,,273
chr7_31381475,top1pcMesoOnly,0.880081053963073,0.0196750140129797,0.483355759513392,Meso,LOC105375224,32682,31381475,chr7,39827,39828,intergenic,TRUE,SINE,Alu,274
chr7_31471271,top1pcMesoOnly,0.708999917868239,0.00198361536416586,0.198759443469918,Meso,ITPRID1,42818,31471271,chr7,42818,-42819,intergenic,TRUE,LTR,ERV1,275
chr7_41017163,top1pcMesoOnly,0.935845227907709,0.00730721326733289,0.500777683074712,Meso,LINC01450,37223,41017163,chr7,37223,-37224,intergenic,FALSE,,,276
chr7_48903961,top1pcMesoOnly,0.718247677684659,0.0943824311199986,0.35014524875376,Meso,CDC14C,20585,48903961,chr7,20585,-20586,promoter,FALSE,,,277
chr7_54553978,top1pcMesoOnly,0.56632025320302,0.0673598691156364,0.207074703839533,Meso,VSTM2A,0,54553978,chr7,2991,-2992,exon,FALSE,,,278
chr7_88407660,top1pcMesoOnly,0.869392005774589,0.0933871946295433,0.0568975430352195,Meso,LOC107986816,12506,88407660,chr7,12506,-12507,intergenic,TRUE,LINE,L1,279
chr7_88730961,top1pcMesoOnly,0.927691390925264,0.114048469384515,0.0484395688303682,Meso,LOC107986816,0,88730961,chr7,28738,-28739,intron,TRUE,LINE,L1,280
chr7_90040709,top1pcMesoOnly,0.558396636821764,0.00249386560119003,0.0218385099892146,Meso,STEAP2-AS1,0,90040709,chr7,77965,-77966,intron,TRUE,LTR,ERVL-MaLR,281
chr7_91558987,top1pcMesoOnly,0.598040974481124,0.0865771235957047,0.353397489458346,Meso,LOC101927473,0,91558987,chr7,20653,-20654,intron,TRUE,LTR,Gypsy,282
chr7_98168693,top1pcMesoOnly,0.914954381684319,0.16881716301752,0.309947301031976,Meso,LMTK2,0,98168693,chr7,42745,-42746,intron,FALSE,,,283
chr7_103666971,top1pcMesoOnly,0.924551638986027,0.046919276028075,0.221357804511012,Meso,RELN,0,103666971,chr7,220763,-220764,intron,FALSE,,,284
chr7_123020970,top1pcMesoOnly,0.858563479125824,0.152797781874298,0.375174300413861,Meso,TAS2R16,25269,123020970,chr7,25269,-25270,intergenic,TRUE,LINE,L1,285
chr7_123939961,top1pcMesoOnly,0.947979414556279,0.0821710574271932,0.104651024052533,Meso,SPAM1,0,123939961,chr7,14723,14724,intron,TRUE,LTR,ERV1,286
chr7_126233395,top1pcMesoOnly,0.819338556518852,0.115515569066369,0.222032923773787,Meso,LOC105375488,0,126233395,chr7,50847,50848,promoter,FALSE,,,287
chr7_139567936,top1pcMesoOnly,0.710203057796134,0.0320769346646531,0.247353206114872,Meso,HIPK2,0,139567936,chr7,44250,44251,exon,FALSE,,,288
chr7_140515592,top1pcMesoOnly,0.988821322978761,0.182276300454873,0.094635979173808,Meso,DENND2A,2827,140515592,chr7,36055,-36056,intron,TRUE,SINE,Alu,289
chr7_156560650,top1pcMesoOnly,0.576179446373228,0.177694647225051,0.0937677642899567,Meso,LOC285889,0,156560650,chr7,20158,20159,intron,FALSE,,,290
chr7_157576764,top1pcMesoOnly,0.848681758542134,0.17563209766125,0.00186595889988623,Meso,PTPRN2,0,157576764,chr7,2341,-2342,promoter,FALSE,,,291
chr7_158177148,top1pcMesoOnly,0.643200848846357,0.0868957795127006,0.236600395838162,Meso,PTPRN2,0,158177148,chr7,190000,190001,intron,TRUE,LINE,L1,292
chr8_5136406,top1pcMesoOnly,0.920805413451677,0.0506830725964736,0.129069599225942,Meso,LOC124900260,7993,5136406,chr8,7993,-7994,intergenic,FALSE,,,293
chr8_13599126,top1pcMesoOnly,0.532694048771532,0.120616372996519,0.152715578984678,Meso,LOC102725080,30498,13599126,chr8,30498,-30499,intron,FALSE,,,294
chr8_15376278,top1pcMesoOnly,0.741281143359678,0.123020806726396,0.281261113547857,Meso,TUSC3,40936,15376278,chr8,40936,-40937,intergenic,TRUE,LINE,L1,295
chr8_26222434,top1pcMesoOnly,0.865621757003743,0.00386220973254437,0.491021928945529,Meso,LOC105379336,12487,26222434,chr8,12487,-12488,intergenic,FALSE,,,296
chr8_26592696,top1pcMesoOnly,0.951013393501937,0.011321026339791,0.352958728461008,Meso,DPYSL2,0,26592696,chr8,78603,-78604,intron,TRUE,SINE,Alu,297
chr8_27084493,top1pcMesoOnly,0.568841884464951,0.0411686109846418,0.286507639784875,Meso,MIR548H4,35529,27084493,chr8,35529,-35530,promoter,FALSE,,,298
chr8_32266862,top1pcMesoOnly,0.814756099671855,0.143379115957796,0.364737322196138,Meso,NRG1,0,32266862,chr8,173841,-173842,intron,TRUE,SINE,Alu,299
chr8_43376325,top1pcMesoOnly,0.888808388330752,0.169587291218101,0.242291938579907,Meso,LOC124902100,1971,43376325,chr8,1971,-1972,promoter,TRUE,LTR,ERV1,300
chr8_43393485,top1pcMesoOnly,0.670487597571243,0.172245901932771,0.277414607519961,Meso,LOC124902100,14974,43393485,chr8,15187,15188,intergenic,TRUE,LINE,L1,301
chr8_50372060,top1pcMesoOnly,0.908237017622144,0.0421986724960083,0.106507498102871,Meso,SNTG1,0,50372060,chr8,462270,462271,intron,TRUE,LINE,L1,302
chr8_57564400,top1pcMesoOnly,0.75158019861231,0.112217919423881,0.501915967432395,Meso,LOC105375855,0,57564400,chr8,101698,101699,intron,FALSE,,,303
chr8_71132426,top1pcMesoOnly,0.711897010545383,0.190534445621269,0.450517718121493,Meso,LOC105375894,0,71132426,chr8,23014,-23015,intron,FALSE,,,304
chr8_74444330,top1pcMesoOnly,0.981042684975169,0.0852257647951457,0.124429070586967,Meso,GDAP1,0,74444330,chr8,104212,-104213,intron,FALSE,,,305
chr8_88503879,top1pcMesoOnly,0.920832212311752,0.0234248687811555,0.0511021374776573,Meso,LOC105375630,0,88503879,chr8,95004,95005,intron,FALSE,,,306
chr8_107022388,top1pcMesoOnly,0.936465916522778,0.165586326250973,0.201587361947109,Meso,LOC124902066,96721,107022388,chr8,130472,130473,intergenic,TRUE,LINE,L1,307
chr8_114999108,top1pcMesoOnly,0.928943398064991,0.119825613138099,0.00847188917068031,Meso,LOC107986901,28497,114999108,chr8,28497,-28498,intergenic,FALSE,,,308
chr8_120287625,top1pcMesoOnly,0.805487338191551,0.012303188682414,0.0276998842135855,Meso,COL14A1,0,120287625,chr8,157774,-157775,intron,FALSE,,,309
chr8_141586962,top1pcMesoOnly,0.858981057893988,0.0277412672729602,0.479508086783224,Meso,LOC124902031,77176,141586962,chr8,79736,79737,intron,TRUE,LINE,L1,310
chr8_142138527,top1pcMesoOnly,0.757703041922603,0.180958228297359,0.316683426446347,Meso,LOC105375792,0,142138527,chr8,37811,-37812,intron,TRUE,LTR,ERV1,311
chr8_142198573,top1pcMesoOnly,0.583758272541992,0.039022315158397,0.13620126114397,Meso,LINC00051,0,142198573,chr8,253,254,promoter,FALSE,,,312
chr9_19909807,top1pcMesoOnly,0.818285367782368,0.0217923049417992,0.351480255658677,Meso,SLC24A2,0,19909807,chr9,120733,120734,intron,TRUE,LTR,ERV1,313
chr9_21433975,top1pcMesoOnly,0.847369905221587,0.127311529959187,0.116925960458165,Meso,MIR31HG,0,21433975,chr9,6463,-6464,intron,TRUE,LTR,ERVK,314
chr9_23823618,top1pcMesoOnly,0.831590683211172,0.179401765075489,0.289610678780401,Meso,ELAVL2,0,23823618,chr9,2861,-2862,promoter,FALSE,,,315
chr9_25678888,top1pcMesoOnly,0.830277855521168,0.089471920902997,0.302900003714385,Meso,TUSC1,443,25678888,chr9,443,-444,promoter,FALSE,,,316
chr9_27192602,top1pcMesoOnly,0.631337773609703,0.173941475938467,0.176758232019553,Meso,TEK,0,27192602,chr9,83460,83461,exon,FALSE,,,317
chr9_31883209,top1pcMesoOnly,0.919934678971975,0.180154726365818,0.257194391531115,Meso,LOC124902137,0,31883209,chr9,33819,33820,intron,TRUE,LINE,L1,318
chr9_31947934,top1pcMesoOnly,0.954731203460054,0.0974935935090397,0.192041334355833,Meso,LOC124902137,0,31947934,chr9,30904,-30905,intron,TRUE,LINE,L1,319
chr9_31998661,top1pcMesoOnly,0.905580904140787,0.0514697952797031,0.0744766557841939,Meso,LOC124902137,0,31998661,chr9,81631,-81632,intron,TRUE,LINE,L1,320
chr9_32009055,top1pcMesoOnly,0.934705014252775,0.0863850389933484,0.244302413406839,Meso,LOC124902137,0,32009055,chr9,92025,-92026,intron,FALSE,,,321
chr9_71994802,top1pcMesoOnly,0.919301917558475,0.10426957891558,0.102279614980794,Meso,C9orf85,8747,71994802,chr9,40541,-40542,intergenic,TRUE,LTR,ERVL,322
chr9_86696840,top1pcMesoOnly,0.559992167842611,0.151554006738581,0.491738175836239,Meso,LINC02834,0,86696840,chr9,11493,11494,intron,FALSE,,,323
chr9_102262484,top1pcMesoOnly,0.661330808282824,0.0114574450047863,0.233797201275737,Meso,LOC105376188,2682,102262484,chr9,94020,94021,intergenic,FALSE,,,324
chr9_109655814,top1pcMesoOnly,0.865496566833448,0.0885576403556446,0.146108468161467,Meso,PALM2AKAP2,0,109655814,chr9,116528,116529,intron,TRUE,LINE,L1,325
chr9_110878349,top1pcMesoOnly,0.830826121292387,0.11062122092315,0.212035945106054,Meso,LPAR1,0,110878349,chr9,159199,-159200,intron,FALSE,,,326
chrX_4315390,top1pcMesoOnly,0.629635037050325,0.0912261912781462,0.312343731417871,Meso,LOC101928201,311809,4315390,chrX,318181,318182,intergenic,FALSE,,,327
chrX_6126242,top1pcMesoOnly,0.630465500916845,0.194758983310888,0.287986074649789,Meso,NLGN4X,0,6126242,chrX,102624,102625,intron,TRUE,LINE,L1,328
chrX_6351262,top1pcMesoOnly,0.61932525906677,0.137521636747684,0.258867676655518,Meso,MIR4770,32643,6351262,chrX,32700,32701,intergenic,FALSE,,,329
chrX_6517665,top1pcMesoOnly,0.700522808409256,0.0630908859655896,0.0977728361707944,Meso,VCX3A,15952,6517665,chrX,17452,17453,intergenic,FALSE,,,330
chrX_7016824,top1pcMesoOnly,0.739633806599603,0.114434690831738,0.156655014197749,Meso,PUDP,0,7016824,chrX,4216,4217,intron,FALSE,,,331
chrX_10098645,top1pcMesoOnly,0.87019917236548,0.192910014783325,0.175217267552509,Meso,WWC3,0,10098645,chrX,58329,-58330,intron,FALSE,,,332
chrX_10112046,top1pcMesoOnly,0.838280580063912,0.196201023497819,0.17976499341467,Meso,WWC3,0,10112046,chrX,44928,-44929,intron,FALSE,,,333
chrX_10617414,top1pcMesoOnly,0.73765655516386,0.0017380723745915,0.00765194942700695,Meso,MID1,0,10617414,chrX,216239,216240,intron,FALSE,,,334
chrX_13085724,top1pcMesoOnly,0.794868476139387,0.124262116264202,0.236048964609318,Meso,LOC105373133,0,13085724,chrX,41028,41029,exon,FALSE,,,335
chrX_13085779,top1pcMesoOnly,0.6920171441234,0.0462575833613544,0.404989401528462,Meso,LOC105373133,0,13085779,chrX,41083,41084,exon,FALSE,,,335
chrX_16588234,top1pcMesoOnly,0.586244218091134,0.145699331738153,0.0629569153721556,Meso,CTPS2,0,16588234,chrX,38850,38851,exon,TRUE,LTR,ERV1,336
chrX_19747761,top1pcMesoOnly,0.779473000929369,0.0454018526935099,0.419538088776574,Meso,SH3KBP1,0,19747761,chrX,139838,139839,promoter,FALSE,,,337
chrX_19836478,top1pcMesoOnly,0.750041809895739,0.185988370732029,0.401105891164985,Meso,SH3KBP1,0,19836478,chrX,51121,51122,intron,FALSE,,,338
chrX_21843368,top1pcMesoOnly,0.876684473506283,0.141198302389797,0.401696517413825,Meso,MBTPS2,0,21843368,chrX,3750,3751,promoter,FALSE,,,339
chrX_39578319,top1pcMesoOnly,0.966065802028197,0.180823074099102,0.270875616289271,Meso,MIR3937,82896,39578319,chrX,82896,-82897,intron,FALSE,,,340
chrX_40093984,top1pcMesoOnly,0.596562413185317,0.105011788171278,0.455577021666496,Meso,BCOR,0,40093984,chrX,83344,83345,intron,FALSE,,,341
chrX_40245261,top1pcMesoOnly,0.919941402003997,0.0935697199298967,0.406924441680434,Meso,LOC105373182,17278,40245261,chrX,17278,-17279,intergenic,FALSE,,,342
chrX_46573011,top1pcMesoOnly,0.933941342296525,0.127541795721891,0.357438032694079,Meso,CHST7,753,46573011,chrX,753,-754,promoter,TRUE,LINE,CR1,343
chrX_46626534,top1pcMesoOnly,0.59258529064153,0.0358063488796009,0.384739434363427,Meso,SLC9A7,0,46626534,chrX,52768,52769,intron,TRUE,SINE,Alu,344
chrX_47336816,top1pcMesoOnly,0.926193771653481,0.208856406817062,0.373338122763088,Meso,ZNF157,33761,47336816,chrX,33761,-33762,intergenic,FALSE,,,345
chrX_47622962,top1pcMesoOnly,0.768377799822767,0.00127193067811867,0.259526972422181,Meso,CFP,0,47622962,chrX,3104,-3105,intron,FALSE,,,346
chrX_49754094,top1pcMesoOnly,0.664494045309986,0.0993436273478238,0.333158986625464,Meso,PAGE4,39558,49754094,chrX,39558,-39559,intergenic,FALSE,,,347
chrX_56068564,top1pcMesoOnly,0.540163149591125,0.192311143276044,0.31389323913328,Meso,LOC124900486,0,56068564,chrX,160346,160347,intron,TRUE,LINE,L1,348
chrX_63513899,top1pcMesoOnly,0.83991495599136,0.106471717967504,0.41386408239285,Meso,LINC01278,0,63513899,chrX,47164,47165,intron,TRUE,LTR,ERV1,349
chrX_82815444,top1pcMesoOnly,0.919189855929378,0.118322834126304,0.30042199985641,Meso,LOC105373287,49830,82815444,chrX,49830,-49831,intergenic,TRUE,SINE,Alu,350
chrX_86757807,top1pcMesoOnly,0.897004073471697,0.203531118472293,0.31815876625222,Meso,DACH2,0,86757807,chrX,609355,609356,intron,TRUE,LTR,ERVL-MaLR,351
chrX_94429299,top1pcMesoOnly,0.937389553668659,0.131099673114848,0.167628527308622,Meso,LOC107985704,139924,94429299,chrX,170905,170906,intergenic,FALSE,,,352
chrX_94766678,top1pcMesoOnly,0.521751848353736,0.0210417328345784,0.137995710068604,Meso,LOC107985647,62410,94766678,chrX,62410,-62411,intergenic,TRUE,LINE,L1,353
chrX_110698029,top1pcMesoOnly,0.903450241210829,0.168741416824924,0.0905153716676695,Meso,CHRDL1,0,110698029,chrX,97789,97790,intron,FALSE,,,354
chrX_112289118,top1pcMesoOnly,0.602229438051342,0.17506672424097,0.451944391690494,Meso,RTL4,0,112289118,chrX,206101,206102,intron,FALSE,,,355
chrX_119949088,top1pcMesoOnly,0.82119704036336,0.14640031362906,0.172638695692326,Meso,NKAP,5336,119949088,chrX,5336,-5337,intron,FALSE,,,356
chrX_124217835,top1pcMesoOnly,0.846654889008418,0.0963767989263908,0.00250601988445551,Meso,STAG2,0,124217835,chrX,10032,-10033,intron,FALSE,,,357
chrX_135587459,top1pcMesoOnly,0.936231883280355,0.0751490937084046,0.149657639467916,Meso,INTS6L,4948,135587459,chrX,65770,-65771,intergenic,FALSE,,,358
chrX_142241494,top1pcMesoOnly,0.828086998772813,0.17572713477881,0.390647123516306,Meso,LOC105373345,0,142241494,chrX,36203,-36204,intron,FALSE,,,359
chrX_150293559,top1pcMesoOnly,0.782031776678493,0.0884571257913137,0.113527297998931,Meso,MIR2114,65475,150293559,chrX,65554,65555,intergenic,TRUE,LTR,ERVL,360
chrX_150547061,top1pcMesoOnly,0.944700792437498,0.131687512517334,0.154544058310454,Meso,MTM1,21355,150547061,chrX,21355,-21356,intergenic,FALSE,,,361
chrX_153560375,top1pcMesoOnly,0.63219396690212,0.171330035523034,0.197215133880252,Meso,ATP2B3,0,153560375,chrX,38964,-38965,intron,FALSE,,,362
